{
  "feed": {
    "author": {
      "name": {
        "label": "iTunes Store"
      },
      "uri": {
        "label": "http://www.apple.com/itunes/"
      }
    },
    "entry": [
      {
        "im:name": {
          "label": "Zootopia"
        },
        "rights": {
          "label": "© 2016 Disney Enterprises, Inc. All Rights Reserved"
        },
        "im:image": [
          {
            "label": "http://is3.mzstatic.com/image/thumb/Video30/v4/89/c0/0a/89c00a09-016b-6297-102d-6f451310ee17/pr_source.lsr/60x60bb-85.jpg",
            "attributes": {
              "height": "60"
            }
          },
          {
            "label": "http://is3.mzstatic.com/image/thumb/Video30/v4/89/c0/0a/89c00a09-016b-6297-102d-6f451310ee17/pr_source.lsr/60x60bb-85.jpg",
            "attributes": {
              "height": "60"
            }
          },
          {
            "label": "http://is3.mzstatic.com/image/thumb/Video30/v4/89/c0/0a/89c00a09-016b-6297-102d-6f451310ee17/pr_source.lsr/170x170bb-85.jpg",
            "attributes": {
              "height": "170"
            }
          }
        ],
        "summary": {
          "label": "Disney presents a heartwarming comedy-adventure set in the modern mammal metropolis of Zootopia. With habitat neighborhoods like ritzy Sahara Square and frigid Tundratown, it’s a melting pot where animals from every environment live together—a place where no matter what you are, from the biggest elephant to the smallest shrew, you can be anything. But when optimistic Officer Judy Hopps arrives, she discovers that being the first bunny on a police force of big, tough animals isn’t so easy. Determined to prove herself, she jumps at the opportunity to crack a case, even if it means partnering with fast-talking scam-artist fox Nick Wilde to solve the mystery."
        },
        "im:rentalPrice": {
          "label": "$4.99",
          "attributes": {
            "amount": "4.99000",
            "currency": "USD"
          }
        },
        "im:price": {
          "label": "$19.99",
          "attributes": {
            "amount": "19.99000",
            "currency": "USD"
          }
        },
        "im:contentType": {
          "attributes": {
            "term": "Movie",
            "label": "Movie"
          }
        },
        "title": {
          "label": "Zootopia - Rich Moore & Byron Howard"
        },
        "link": [
          {
            "attributes": {
              "rel": "alternate",
              "type": "text/html",
              "href": "https://itunes.apple.com/us/movie/zootopia/id1084138493?uo=2"
            }
          },
          {
            "im:duration": {
              "label": "91972.0"
            },
            "attributes": {
              "title": "Preview",
              "rel": "enclosure",
              "type": "video/x-m4v",
              "href": "http://a1987.phobos.apple.com/us/r1000/128/Video69/v4/5f/98/cf/5f98cf85-cfeb-c2d2-613b-10134438ad75/mzvf_742554848346498508.640x356.h264lc.D2.p.m4v",
              "im:assetType": "preview"
            }
          }
        ],
        "id": {
          "label": "https://itunes.apple.com/us/movie/zootopia/id1084138493?uo=2",
          "attributes": {
            "im:id": "1084138493"
          }
        },
        "im:artist": {
          "label": "Rich Moore & Byron Howard"
        },
        "category": {
          "attributes": {
            "im:id": "4410",
            "term": "Kids & Family",
            "scheme": "https://itunes.apple.com/us/genre/movies-kids-family/id4410?uo=2",
            "label": "Kids & Family"
          }
        },
        "im:releaseDate": {
          "label": "2016-03-04T00:00:00-07:00",
          "attributes": {
            "label": "March 4, 2016"
          }
        }
      },
      {
        "im:name": {
          "label": "London Has Fallen"
        },
        "rights": {
          "label": "© 2016 Focus Features. All Rights Reserved."
        },
        "im:image": [
          {
            "label": "http://is1.mzstatic.com/image/thumb/Video49/v4/e5/4a/62/e54a62a2-74c5-af82-7dc2-50c98e42b33c/pr_source.lsr/60x60bb-85.jpg",
            "attributes": {
              "height": "60"
            }
          },
          {
            "label": "http://is1.mzstatic.com/image/thumb/Video49/v4/e5/4a/62/e54a62a2-74c5-af82-7dc2-50c98e42b33c/pr_source.lsr/60x60bb-85.jpg",
            "attributes": {
              "height": "60"
            }
          },
          {
            "label": "http://is4.mzstatic.com/image/thumb/Video49/v4/e5/4a/62/e54a62a2-74c5-af82-7dc2-50c98e42b33c/pr_source.lsr/170x170bb-85.jpg",
            "attributes": {
              "height": "170"
            }
          }
        ],
        "summary": {
          "label": "Gerard Butler returns as Secret Service Agent Mike Banning in London Has Fallen, the high-octane sequel to the box office smash Olympus Has Fallen. In London for the funeral of the British prime minister, the world’s most powerful leaders find themselves being picked off one by one by a sinister terrorist group who are now planning to take out United States President Benjamin Asher (Aaron Eckhart) next. It is up to Banning to protect the President, and secure his safe return home. Also starring Morgan Freeman and Angela Bassett, London Has Fallen is an action-packed, thrill-a-minute experience."
        },
        "im:rentalPrice": {
          "label": "$4.99",
          "attributes": {
            "amount": "4.99000",
            "currency": "USD"
          }
        },
        "im:price": {
          "label": "$14.99",
          "attributes": {
            "amount": "14.99000",
            "currency": "USD"
          }
        },
        "im:contentType": {
          "attributes": {
            "term": "Movie",
            "label": "Movie"
          }
        },
        "title": {
          "label": "London Has Fallen - Babak Najafi"
        },
        "link": [
          {
            "attributes": {
              "rel": "alternate",
              "type": "text/html",
              "href": "https://itunes.apple.com/us/movie/london-has-fallen/id1083794877?uo=2"
            }
          },
          {
            "im:duration": {
              "label": "145958.0"
            },
            "attributes": {
              "title": "Preview",
              "rel": "enclosure",
              "type": "video/x-m4v",
              "href": "http://a484.phobos.apple.com/us/r1000/135/Video49/v4/cf/44/f2/cf44f23b-18b3-a3bc-e321-64dc38807fa2/mzvf_8792659177199843329.640x354.h264lc.D2.p.m4v",
              "im:assetType": "preview"
            }
          }
        ],
        "id": {
          "label": "https://itunes.apple.com/us/movie/london-has-fallen/id1083794877?uo=2",
          "attributes": {
            "im:id": "1083794877"
          }
        },
        "im:artist": {
          "label": "Babak Najafi"
        },
        "category": {
          "attributes": {
            "im:id": "4401",
            "term": "Action & Adventure",
            "scheme": "https://itunes.apple.com/us/genre/movies-action-adventure/id4401?uo=2",
            "label": "Action & Adventure"
          }
        },
        "im:releaseDate": {
          "label": "2016-03-04T00:00:00-07:00",
          "attributes": {
            "label": "March 4, 2016"
          }
        }
      },
      {
        "im:name": {
          "label": "10 Cloverfield Lane"
        },
        "rights": {
          "label": "© 2016 PARAMOUNT PICTURES.  ALL RIGHTS RESERVED"
        },
        "im:image": [
          {
            "label": "http://is2.mzstatic.com/image/thumb/Video60/v4/c9/d2/03/c9d2031d-aa1b-0c2f-b2db-419c75604c63/pr_source.lsr/60x60bb-85.jpg",
            "attributes": {
              "height": "60"
            }
          },
          {
            "label": "http://is2.mzstatic.com/image/thumb/Video60/v4/c9/d2/03/c9d2031d-aa1b-0c2f-b2db-419c75604c63/pr_source.lsr/60x60bb-85.jpg",
            "attributes": {
              "height": "60"
            }
          },
          {
            "label": "http://is3.mzstatic.com/image/thumb/Video60/v4/c9/d2/03/c9d2031d-aa1b-0c2f-b2db-419c75604c63/pr_source.lsr/170x170bb-85.jpg",
            "attributes": {
              "height": "170"
            }
          }
        ],
        "summary": {
          "label": "Outside is dangerous…inside is terrifying in the heart-pounding new thriller from producer J.J. Abrams. After a catastrophic car crash, a young woman (Mary Elizabeth Winstead, A Good Day to Die Hard) wakes up in a survivalist’s (John Goodman, Argo) underground bunker. He claims to have saved her from an apocalyptic attack that has left the outside world uninhabitable. But, as his increasingly suspicious actions lead her to question his motives, she'll have to escape in order to discover the truth."
        },
        "im:rentalPrice": {
          "label": "$4.99",
          "attributes": {
            "amount": "4.99000",
            "currency": "USD"
          }
        },
        "im:price": {
          "label": "$14.99",
          "attributes": {
            "amount": "14.99000",
            "currency": "USD"
          }
        },
        "im:contentType": {
          "attributes": {
            "term": "Movie",
            "label": "Movie"
          }
        },
        "title": {
          "label": "10 Cloverfield Lane - Dan Trachtenberg"
        },
        "link": [
          {
            "attributes": {
              "rel": "alternate",
              "type": "text/html",
              "href": "https://itunes.apple.com/us/movie/10-cloverfield-lane/id1085930296?uo=2"
            }
          },
          {
            "im:duration": {
              "label": "97197.0"
            },
            "attributes": {
              "title": "Preview",
              "rel": "enclosure",
              "type": "video/x-m4v",
              "href": "http://a848.phobos.apple.com/us/r1000/156/Video49/v4/fd/69/e3/fd69e3e4-66b0-c012-bdc0-3ec272852eb8/mzvf_2359625038402471.640x356.h264lc.D2.p.m4v",
              "im:assetType": "preview"
            }
          }
        ],
        "id": {
          "label": "https://itunes.apple.com/us/movie/10-cloverfield-lane/id1085930296?uo=2",
          "attributes": {
            "im:id": "1085930296"
          }
        },
        "im:artist": {
          "label": "Dan Trachtenberg"
        },
        "category": {
          "attributes": {
            "im:id": "4416",
            "term": "Thriller",
            "scheme": "https://itunes.apple.com/us/genre/movies-thriller/id4416?uo=2",
            "label": "Thriller"
          }
        },
        "im:releaseDate": {
          "label": "2016-03-11T00:00:00-07:00",
          "attributes": {
            "label": "March 11, 2016"
          }
        }
      },
      {
        "im:name": {
          "label": "The Big Short"
        },
        "rights": {
          "label": "Film Copyright: © MMXV Paramount Pictures Corporation and Regency Entertainment (USA), Inc. All Rights Reserved."
        },
        "im:image": [
          {
            "label": "http://is2.mzstatic.com/image/thumb/Video/v4/52/11/98/5211984b-63e1-69a8-c5c8-5a5907ff0c9c/pr_source.lsr/60x60bb-85.jpg",
            "attributes": {
              "height": "60"
            }
          },
          {
            "label": "http://is2.mzstatic.com/image/thumb/Video/v4/52/11/98/5211984b-63e1-69a8-c5c8-5a5907ff0c9c/pr_source.lsr/60x60bb-85.jpg",
            "attributes": {
              "height": "60"
            }
          },
          {
            "label": "http://is5.mzstatic.com/image/thumb/Video/v4/52/11/98/5211984b-63e1-69a8-c5c8-5a5907ff0c9c/pr_source.lsr/170x170bb-85.jpg",
            "attributes": {
              "height": "170"
            }
          }
        ],
        "summary": {
          "label": "When four outsiders saw what the big banks, media and government refused to, the global collapse of the economy, they had an idea: The Big Short. Their bold investment leads them into the dark underbelly of modern banking where they must question everyone and everything. Based on the true story and best-selling book by Michael Lewis (The Blind Side, Moneyball), and directed by Adam McKay (Anchorman, Step Brothers) The Big Short stars Christian Bale, Steve Carell, Ryan Gosling and Brad Pitt."
        },
        "im:rentalPrice": {
          "label": "$0.99",
          "attributes": {
            "amount": "0.99000",
            "currency": "USD"
          }
        },
        "im:price": {
          "label": "$9.99",
          "attributes": {
            "amount": "9.99000",
            "currency": "USD"
          }
        },
        "im:contentType": {
          "attributes": {
            "term": "Movie",
            "label": "Movie"
          }
        },
        "title": {
          "label": "The Big Short - Adam McKay"
        },
        "link": [
          {
            "attributes": {
              "rel": "alternate",
              "type": "text/html",
              "href": "https://itunes.apple.com/us/movie/the-big-short/id1061320456?uo=2"
            }
          },
          {
            "im:duration": {
              "label": "147653.0"
            },
            "attributes": {
              "title": "Preview",
              "rel": "enclosure",
              "type": "video/x-m4v",
              "href": "http://a1945.phobos.apple.com/us/r1000/134/Video49/v4/06/a4/4a/06a44a21-4779-a6c9-4cee-27b1d0f52553/mzvf_3694919506703031628.640x354.h264lc.D2.p.m4v",
              "im:assetType": "preview"
            }
          }
        ],
        "id": {
          "label": "https://itunes.apple.com/us/movie/the-big-short/id1061320456?uo=2",
          "attributes": {
            "im:id": "1061320456"
          }
        },
        "im:artist": {
          "label": "Adam McKay"
        },
        "category": {
          "attributes": {
            "im:id": "4406",
            "term": "Drama",
            "scheme": "https://itunes.apple.com/us/genre/movies-drama/id4406?uo=2",
            "label": "Drama"
          }
        },
        "im:releaseDate": {
          "label": "2015-12-11T00:00:00-07:00",
          "attributes": {
            "label": "December 11, 2015"
          }
        }
      },
      {
        "im:name": {
          "label": "13 Hours: The Secret Soldiers of Benghazi"
        },
        "rights": {
          "label": "© MMXV Paramount Pictures Corporation. All rights Reserved."
        },
        "im:image": [
          {
            "label": "http://is4.mzstatic.com/image/thumb/Video4/v4/d8/2f/e5/d82fe583-38f8-79da-2d50-56c1cc8beafe/pr_source.lsr/60x60bb-85.jpg",
            "attributes": {
              "height": "60"
            }
          },
          {
            "label": "http://is4.mzstatic.com/image/thumb/Video4/v4/d8/2f/e5/d82fe583-38f8-79da-2d50-56c1cc8beafe/pr_source.lsr/60x60bb-85.jpg",
            "attributes": {
              "height": "60"
            }
          },
          {
            "label": "http://is3.mzstatic.com/image/thumb/Video4/v4/d8/2f/e5/d82fe583-38f8-79da-2d50-56c1cc8beafe/pr_source.lsr/170x170bb-85.jpg",
            "attributes": {
              "height": "170"
            }
          }
        ],
        "summary": {
          "label": "From director Michael Bay, 13 HOURS:  THE SECRET SOLDIERS OF BENGHAZI is the gripping true story of six elite ex-military operators assigned to protect the CIA who fought back against overwhelming odds when terrorists attacked a U.S. diplomatic compound on September 11, 2012.  When everything went wrong, six men had the courage to do what was right.  Based on the nonfiction book 13 Hours: The Inside Account of What Really Happened in Benghazi by New York Times bestselling author Mitchell Zuckoff and Members of the Annex Security Team."
        },
        "im:rentalPrice": {
          "label": "$4.99",
          "attributes": {
            "amount": "4.99000",
            "currency": "USD"
          }
        },
        "im:price": {
          "label": "$14.99",
          "attributes": {
            "amount": "14.99000",
            "currency": "USD"
          }
        },
        "im:contentType": {
          "attributes": {
            "term": "Movie",
            "label": "Movie"
          }
        },
        "title": {
          "label": "13 Hours: The Secret Soldiers of Benghazi - Michael Bay"
        },
        "link": [
          {
            "attributes": {
              "rel": "alternate",
              "type": "text/html",
              "href": "https://itunes.apple.com/us/movie/13-hours-secret-soldiers-benghazi/id1069054137?uo=2"
            }
          },
          {
            "im:duration": {
              "label": "147955.0"
            },
            "attributes": {
              "title": "Preview",
              "rel": "enclosure",
              "type": "video/x-m4v",
              "href": "http://a229.phobos.apple.com/us/r1000/123/Video49/v4/57/8a/c5/578ac547-57ff-56ff-a3f3-d376df537089/mzvf_1992499469475180181.640x352.h264lc.D2.p.m4v",
              "im:assetType": "preview"
            }
          }
        ],
        "id": {
          "label": "https://itunes.apple.com/us/movie/13-hours-secret-soldiers-benghazi/id1069054137?uo=2",
          "attributes": {
            "im:id": "1069054137"
          }
        },
        "im:artist": {
          "label": "Michael Bay"
        },
        "category": {
          "attributes": {
            "im:id": "4401",
            "term": "Action & Adventure",
            "scheme": "https://itunes.apple.com/us/genre/movies-action-adventure/id4401?uo=2",
            "label": "Action & Adventure"
          }
        },
        "im:releaseDate": {
          "label": "2016-01-15T00:00:00-07:00",
          "attributes": {
            "label": "January 15, 2016"
          }
        }
      },
      {
        "im:name": {
          "label": "Whiskey Tango Foxtrot"
        },
        "im:image": [
          {
            "label": "http://is1.mzstatic.com/image/thumb/Video30/v4/de/d2/be/ded2be03-743e-c20d-35e8-d51738378eae/pr_source.lsr/60x60bb-85.jpg",
            "attributes": {
              "height": "60"
            }
          },
          {
            "label": "http://is1.mzstatic.com/image/thumb/Video30/v4/de/d2/be/ded2be03-743e-c20d-35e8-d51738378eae/pr_source.lsr/60x60bb-85.jpg",
            "attributes": {
              "height": "60"
            }
          },
          {
            "label": "http://is3.mzstatic.com/image/thumb/Video30/v4/de/d2/be/ded2be03-743e-c20d-35e8-d51738378eae/pr_source.lsr/170x170bb-85.jpg",
            "attributes": {
              "height": "170"
            }
          }
        ],
        "summary": {
          "label": "Tina Fey stars in this wickedly entertaining comedy about finding yourself in the most unlikely of places. Stuck in a rut, reporter Kim Baker (Fey) decides to shake things up by leaving her desk job in New York and taking a dangerous assignment in Afghanistan. Far from home and completely out of her comfort zone, a culture-shocked Kim befriends an adventurous reporter Tanya Vanderpoel (Margot Robbie), a stern Colonel (Billy Bob Thornton), and a charming photojournalist (Martin Freeman) to help her navigate this crazy new world.  Amidst the chaos, Kim discovers her true strength as she risks it all to find the next big story."
        },
        "im:price": {
          "label": "$14.99",
          "attributes": {
            "amount": "14.99000",
            "currency": "USD"
          }
        },
        "im:contentType": {
          "attributes": {
            "term": "Movie",
            "label": "Movie"
          }
        },
        "rights": {
          "label": "© MMXV Paramount Pictures Corporation. All rights Reserved."
        },
        "title": {
          "label": "Whiskey Tango Foxtrot - Glenn Ficarra & John Requa"
        },
        "link": [
          {
            "attributes": {
              "rel": "alternate",
              "type": "text/html",
              "href": "https://itunes.apple.com/us/movie/whiskey-tango-foxtrot/id1081990650?uo=2"
            }
          },
          {
            "im:duration": {
              "label": "144357.0"
            },
            "attributes": {
              "title": "Preview",
              "rel": "enclosure",
              "type": "video/x-m4v",
              "href": "http://a1961.phobos.apple.com/us/r1000/132/Video69/v4/45/c7/72/45c772b7-3ec8-a322-a4ce-02aa6bf4b027/mzvf_1557081607653475076.640x478.h264lc.D2.p.m4v",
              "im:assetType": "preview"
            }
          }
        ],
        "id": {
          "label": "https://itunes.apple.com/us/movie/whiskey-tango-foxtrot/id1081990650?uo=2",
          "attributes": {
            "im:id": "1081990650"
          }
        },
        "im:artist": {
          "label": "Glenn Ficarra & John Requa"
        },
        "category": {
          "attributes": {
            "im:id": "4406",
            "term": "Drama",
            "scheme": "https://itunes.apple.com/us/genre/movies-drama/id4406?uo=2",
            "label": "Drama"
          }
        },
        "im:releaseDate": {
          "label": "2016-03-04T00:00:00-07:00",
          "attributes": {
            "label": "March 4, 2016"
          }
        }
      },
      {
        "im:name": {
          "label": "Deadpool"
        },
        "rights": {
          "label": "© 2016 Twentieth Century Fox Film Corporation. All rights reserved. MARVEL 2016 MARVEL"
        },
        "im:image": [
          {
            "label": "http://is3.mzstatic.com/image/thumb/Video1/v4/bb/d2/a9/bbd2a966-fd49-8721-f51d-0042092f11a4/pr_source.lsr/60x60bb-85.jpg",
            "attributes": {
              "height": "60"
            }
          },
          {
            "label": "http://is3.mzstatic.com/image/thumb/Video1/v4/bb/d2/a9/bbd2a966-fd49-8721-f51d-0042092f11a4/pr_source.lsr/60x60bb-85.jpg",
            "attributes": {
              "height": "60"
            }
          },
          {
            "label": "http://is1.mzstatic.com/image/thumb/Video1/v4/bb/d2/a9/bbd2a966-fd49-8721-f51d-0042092f11a4/pr_source.lsr/170x170bb-85.jpg",
            "attributes": {
              "height": "170"
            }
          }
        ],
        "summary": {
          "label": "Hold onto your chimichangas, folks. From the studio that brought you all 3 Taken films comes the block-busting, fourth-wall-breaking masterpiece about Marvel Comics’ sexiest anti-hero! Starring God’s perfect idiot Ryan Reynolds and a bunch of other \"actors,\" DEADPOOL is a giddy slice of awesomeness packed with more twists than Deadpool’s enemies’ intestines and more action than prom night. Amazeballs!"
        },
        "im:rentalPrice": {
          "label": "$4.99",
          "attributes": {
            "amount": "4.99000",
            "currency": "USD"
          }
        },
        "im:price": {
          "label": "$14.99",
          "attributes": {
            "amount": "14.99000",
            "currency": "USD"
          }
        },
        "im:contentType": {
          "attributes": {
            "term": "Movie",
            "label": "Movie"
          }
        },
        "title": {
          "label": "Deadpool - Tim Miller"
        },
        "link": [
          {
            "attributes": {
              "rel": "alternate",
              "type": "text/html",
              "href": "https://itunes.apple.com/us/movie/deadpool/id1078111961?uo=2"
            }
          },
          {
            "im:duration": {
              "label": "144658.0"
            },
            "attributes": {
              "title": "Preview",
              "rel": "enclosure",
              "type": "video/x-m4v",
              "href": "http://a82.phobos.apple.com/us/r1000/138/Video18/v4/9d/f4/9e/9df49e04-4e59-72c2-60c4-60ce37b00b22/mzvf_509115883330700103.640x354.h264lc.D2.p.m4v",
              "im:assetType": "preview"
            }
          }
        ],
        "id": {
          "label": "https://itunes.apple.com/us/movie/deadpool/id1078111961?uo=2",
          "attributes": {
            "im:id": "1078111961"
          }
        },
        "im:artist": {
          "label": "Tim Miller"
        },
        "category": {
          "attributes": {
            "im:id": "4401",
            "term": "Action & Adventure",
            "scheme": "https://itunes.apple.com/us/genre/movies-action-adventure/id4401?uo=2",
            "label": "Action & Adventure"
          }
        },
        "im:releaseDate": {
          "label": "2016-02-12T00:00:00-07:00",
          "attributes": {
            "label": "February 12, 2016"
          }
        }
      },
      {
        "im:name": {
          "label": "Hello, My Name Is Doris"
        },
        "rights": {
          "label": "© 2015 Retro Jumpsuit , LLC.  All Rights Reserved."
        },
        "im:image": [
          {
            "label": "http://is1.mzstatic.com/image/thumb/Video50/v4/dd/af/f8/ddaff85a-2168-a8f0-ebb9-2e39c7d1d61b/HELLO_MY_NAME_IS_DORIS_2016_TH_DOM_MLF-WW-artwork.lsr/60x60bb-85.jpg",
            "attributes": {
              "height": "60"
            }
          },
          {
            "label": "http://is1.mzstatic.com/image/thumb/Video50/v4/dd/af/f8/ddaff85a-2168-a8f0-ebb9-2e39c7d1d61b/HELLO_MY_NAME_IS_DORIS_2016_TH_DOM_MLF-WW-artwork.lsr/60x60bb-85.jpg",
            "attributes": {
              "height": "60"
            }
          },
          {
            "label": "http://is2.mzstatic.com/image/thumb/Video50/v4/dd/af/f8/ddaff85a-2168-a8f0-ebb9-2e39c7d1d61b/HELLO_MY_NAME_IS_DORIS_2016_TH_DOM_MLF-WW-artwork.lsr/170x170bb-85.jpg",
            "attributes": {
              "height": "170"
            }
          }
        ],
        "summary": {
          "label": "After a lifetime of being overlooked and ignored, a woman of a certain age finds her world turned upside down by a handsome new co-worker and a self-help seminar that inspires her to take a chance on love in Hello, My Name is Doris, a witty and compassionate late-life coming-of-age-story."
        },
        "im:rentalPrice": {
          "label": "$4.99",
          "attributes": {
            "amount": "4.99000",
            "currency": "USD"
          }
        },
        "im:price": {
          "label": "$14.99",
          "attributes": {
            "amount": "14.99000",
            "currency": "USD"
          }
        },
        "im:contentType": {
          "attributes": {
            "term": "Movie",
            "label": "Movie"
          }
        },
        "title": {
          "label": "Hello, My Name Is Doris - Michael Showalter"
        },
        "link": [
          {
            "attributes": {
              "rel": "alternate",
              "type": "text/html",
              "href": "https://itunes.apple.com/us/movie/hello-my-name-is-doris/id1086795656?uo=2"
            }
          },
          {
            "im:duration": {
              "label": "146167.0"
            },
            "attributes": {
              "title": "Preview",
              "rel": "enclosure",
              "type": "video/x-m4v",
              "href": "http://a1436.phobos.apple.com/us/r1000/147/Video49/v4/23/14/0b/23140bad-865d-a5c9-adb1-adf996357834/mzvf_615097374882586081.640x480.h264lc.D2.p.m4v",
              "im:assetType": "preview"
            }
          }
        ],
        "id": {
          "label": "https://itunes.apple.com/us/movie/hello-my-name-is-doris/id1086795656?uo=2",
          "attributes": {
            "im:id": "1086795656"
          }
        },
        "im:artist": {
          "label": "Michael Showalter"
        },
        "category": {
          "attributes": {
            "im:id": "4404",
            "term": "Comedy",
            "scheme": "https://itunes.apple.com/us/genre/movies-comedy/id4404?uo=2",
            "label": "Comedy"
          }
        },
        "im:releaseDate": {
          "label": "2016-03-11T00:00:00-07:00",
          "attributes": {
            "label": "March 11, 2016"
          }
        }
      },
      {
        "im:name": {
          "label": "Eye In the Sky"
        },
        "im:image": [
          {
            "label": "http://is2.mzstatic.com/image/thumb/Video18/v4/00/14/9d/00149dac-bb5b-4880-fd87-25a89d9d5a93/pr_source.lsr/60x60bb-85.jpg",
            "attributes": {
              "height": "60"
            }
          },
          {
            "label": "http://is2.mzstatic.com/image/thumb/Video18/v4/00/14/9d/00149dac-bb5b-4880-fd87-25a89d9d5a93/pr_source.lsr/60x60bb-85.jpg",
            "attributes": {
              "height": "60"
            }
          },
          {
            "label": "http://is1.mzstatic.com/image/thumb/Video18/v4/00/14/9d/00149dac-bb5b-4880-fd87-25a89d9d5a93/pr_source.lsr/170x170bb-85.jpg",
            "attributes": {
              "height": "170"
            }
          }
        ],
        "summary": {
          "label": "Eye in the Sky stars Helen Mirren as Colonel Katherine Powell, a UK-based military officer in command of a top-secret drone operation to capture terrorists in Kenya. Through remote surveillance and on-the-ground intel, Powell discovers the targets are planning a suicide bombing and the mission escalates from “capture” to “kill.” But as American pilot Steve Watts (Aaron Paul) is about to engage, a nine-year old girl enters the kill zone, triggering an international dispute reaching the highest levels of US and British government over the moral, political, and personal implications of modern warfare."
        },
        "im:price": {
          "label": "$14.99",
          "attributes": {
            "amount": "14.99000",
            "currency": "USD"
          }
        },
        "im:contentType": {
          "attributes": {
            "term": "Movie",
            "label": "Movie"
          }
        },
        "rights": {
          "label": "© 2015 Bleecker Street Media LLC. All Rights Reserved."
        },
        "title": {
          "label": "Eye In the Sky - Gavin Hood"
        },
        "link": [
          {
            "attributes": {
              "rel": "alternate",
              "type": "text/html",
              "href": "https://itunes.apple.com/us/movie/eye-in-the-sky/id1087679966?uo=2"
            }
          },
          {
            "im:duration": {
              "label": "146122.0"
            },
            "attributes": {
              "title": "Preview",
              "rel": "enclosure",
              "type": "video/x-m4v",
              "href": "http://a206.phobos.apple.com/us/r1000/153/Video69/v4/26/8a/8e/268a8efd-1ddd-98ea-030f-0b141968ca54/mzvf_4939570168726406613.640x354.h264lc.D2.p.m4v",
              "im:assetType": "preview"
            }
          }
        ],
        "id": {
          "label": "https://itunes.apple.com/us/movie/eye-in-the-sky/id1087679966?uo=2",
          "attributes": {
            "im:id": "1087679966"
          }
        },
        "im:artist": {
          "label": "Gavin Hood"
        },
        "category": {
          "attributes": {
            "im:id": "4416",
            "term": "Thriller",
            "scheme": "https://itunes.apple.com/us/genre/movies-thriller/id4416?uo=2",
            "label": "Thriller"
          }
        },
        "im:releaseDate": {
          "label": "2016-03-11T00:00:00-07:00",
          "attributes": {
            "label": "March 11, 2016"
          }
        }
      },
      {
        "im:name": {
          "label": "Eddie the Eagle"
        },
        "rights": {
          "label": "© 2016 Twentieth Century Fox Film Corporation. All rights reserved."
        },
        "im:image": [
          {
            "label": "http://is1.mzstatic.com/image/thumb/Video60/v4/51/2c/d2/512cd292-ee10-72a6-091c-827fe8dd6641/pr_source.lsr/60x60bb-85.jpg",
            "attributes": {
              "height": "60"
            }
          },
          {
            "label": "http://is1.mzstatic.com/image/thumb/Video60/v4/51/2c/d2/512cd292-ee10-72a6-091c-827fe8dd6641/pr_source.lsr/60x60bb-85.jpg",
            "attributes": {
              "height": "60"
            }
          },
          {
            "label": "http://is4.mzstatic.com/image/thumb/Video60/v4/51/2c/d2/512cd292-ee10-72a6-091c-827fe8dd6641/pr_source.lsr/170x170bb-85.jpg",
            "attributes": {
              "height": "170"
            }
          }
        ],
        "summary": {
          "label": "Taron Egerton co-stars alongside ACADEMY AWARD® Nominee Hugh Jackman* in this high-flying, feel-good story inspired by true events. Egerton plays Eddie \"The Eagle\" Edwards, an unlikely but courageous British ski-jumper who never stopped believing in himself–even as an entire nation was counting him out. With the help of a rebellious and charismatic coach (Jackman), the lovable underdog wins the hearts of fans around the world by making an unforgettable showing at the 1988 Calgary Winter Olympics."
        },
        "im:rentalPrice": {
          "label": "$4.99",
          "attributes": {
            "amount": "4.99000",
            "currency": "USD"
          }
        },
        "im:price": {
          "label": "$14.99",
          "attributes": {
            "amount": "14.99000",
            "currency": "USD"
          }
        },
        "im:contentType": {
          "attributes": {
            "term": "Movie",
            "label": "Movie"
          }
        },
        "title": {
          "label": "Eddie the Eagle - Dexter Fletcher"
        },
        "link": [
          {
            "attributes": {
              "rel": "alternate",
              "type": "text/html",
              "href": "https://itunes.apple.com/us/movie/eddie-the-eagle/id1080487524?uo=2"
            }
          },
          {
            "im:duration": {
              "label": "91113.0"
            },
            "attributes": {
              "title": "Preview",
              "rel": "enclosure",
              "type": "video/x-m4v",
              "href": "http://a1925.phobos.apple.com/us/r1000/172/Video69/v4/9e/a5/0f/9ea50f86-7961-e85c-ef5c-3a55f27d4f32/mzvf_3584200959313956108.640x354.h264lc.D2.p.m4v",
              "im:assetType": "preview"
            }
          }
        ],
        "id": {
          "label": "https://itunes.apple.com/us/movie/eddie-the-eagle/id1080487524?uo=2",
          "attributes": {
            "im:id": "1080487524"
          }
        },
        "im:artist": {
          "label": "Dexter Fletcher"
        },
        "category": {
          "attributes": {
            "im:id": "4404",
            "term": "Comedy",
            "scheme": "https://itunes.apple.com/us/genre/movies-comedy/id4404?uo=2",
            "label": "Comedy"
          }
        },
        "im:releaseDate": {
          "label": "2016-02-26T00:00:00-07:00",
          "attributes": {
            "label": "February 26, 2016"
          }
        }
      },
      {
        "im:name": {
          "label": "Dirty Grandpa (Unrated)"
        },
        "im:image": [
          {
            "label": "http://is4.mzstatic.com/image/thumb/Video6/v4/86/a8/ed/86a8ed3b-5d8b-a8a9-832d-bd137a672117/9382673221176.jpg/60x60bb-85.jpg",
            "attributes": {
              "height": "60"
            }
          },
          {
            "label": "http://is4.mzstatic.com/image/thumb/Video6/v4/86/a8/ed/86a8ed3b-5d8b-a8a9-832d-bd137a672117/9382673221176.jpg/60x60bb-85.jpg",
            "attributes": {
              "height": "60"
            }
          },
          {
            "label": "http://is1.mzstatic.com/image/thumb/Video6/v4/86/a8/ed/86a8ed3b-5d8b-a8a9-832d-bd137a672117/9382673221176.jpg/170x170bb-85.jpg",
            "attributes": {
              "height": "170"
            }
          }
        ],
        "summary": {
          "label": "Robert De Niro and Zac Efron get down and dirtier in this unrated version of the raunchy comedy about a wild road trip shared by an uptight guy and his foul-mouthed granddad."
        },
        "im:rentalPrice": {
          "label": "$4.99",
          "attributes": {
            "amount": "4.99000",
            "currency": "USD"
          }
        },
        "im:price": {
          "label": "$9.99",
          "attributes": {
            "amount": "9.99000",
            "currency": "USD"
          }
        },
        "im:contentType": {
          "attributes": {
            "term": "Movie",
            "label": "Movie"
          }
        },
        "title": {
          "label": "Dirty Grandpa (Unrated) - Dan Mazer"
        },
        "link": [
          {
            "attributes": {
              "rel": "alternate",
              "type": "text/html",
              "href": "https://itunes.apple.com/us/movie/dirty-grandpa-unrated/id1071285521?uo=2"
            }
          },
          {
            "im:duration": {
              "label": "102027.0"
            },
            "attributes": {
              "title": "Preview",
              "rel": "enclosure",
              "type": "video/x-m4v",
              "href": "http://a999.phobos.apple.com/us/r1000/165/Video4/v4/3e/a9/7f/3ea97fd3-c18e-3fa3-7faa-7d28bacbef28/mzvf_7992874561356239838.640x352.h264lc.D2.p.m4v",
              "im:assetType": "preview"
            }
          }
        ],
        "id": {
          "label": "https://itunes.apple.com/us/movie/dirty-grandpa-unrated/id1071285521?uo=2",
          "attributes": {
            "im:id": "1071285521"
          }
        },
        "im:artist": {
          "label": "Dan Mazer"
        },
        "category": {
          "attributes": {
            "im:id": "4404",
            "term": "Comedy",
            "scheme": "https://itunes.apple.com/us/genre/movies-comedy/id4404?uo=2",
            "label": "Comedy"
          }
        },
        "im:releaseDate": {
          "label": "2016-01-22T00:00:00-07:00",
          "attributes": {
            "label": "January 22, 2016"
          }
        }
      },
      {
        "im:name": {
          "label": "Hail, Caesar!"
        },
        "rights": {
          "label": "© 2016 Universal Studios. All Rights Reserved."
        },
        "im:image": [
          {
            "label": "http://is2.mzstatic.com/image/thumb/Video18/v4/3c/52/13/3c521337-3e54-bd00-41f6-fbeefe33bacd/pr_source.lsr/60x60bb-85.jpg",
            "attributes": {
              "height": "60"
            }
          },
          {
            "label": "http://is2.mzstatic.com/image/thumb/Video18/v4/3c/52/13/3c521337-3e54-bd00-41f6-fbeefe33bacd/pr_source.lsr/60x60bb-85.jpg",
            "attributes": {
              "height": "60"
            }
          },
          {
            "label": "http://is1.mzstatic.com/image/thumb/Video18/v4/3c/52/13/3c521337-3e54-bd00-41f6-fbeefe33bacd/pr_source.lsr/170x170bb-85.jpg",
            "attributes": {
              "height": "170"
            }
          }
        ],
        "summary": {
          "label": "Four-time Oscar®-winning filmmakers Joel and Ethan Coen (No Country for Old Men, True Grit, Fargo) write and direct Hail, Caesar!, an all-star comedy set during the latter years of Hollywood's Golden Age. Starring Josh Brolin, George Clooney, Alden Ehrenreich, Ralph Fiennes, Jonah Hill, Scarlett Johansson, Frances McDormand, Tilda Swinton, and Channing Tatum, Hail, Caesar! follows a single day in the life of a studio fixer who is presented with plenty of problems to fix."
        },
        "im:rentalPrice": {
          "label": "$4.99",
          "attributes": {
            "amount": "4.99000",
            "currency": "USD"
          }
        },
        "im:price": {
          "label": "$14.99",
          "attributes": {
            "amount": "14.99000",
            "currency": "USD"
          }
        },
        "im:contentType": {
          "attributes": {
            "term": "Movie",
            "label": "Movie"
          }
        },
        "title": {
          "label": "Hail, Caesar! - Joel Coen & Ethan Coen"
        },
        "link": [
          {
            "attributes": {
              "rel": "alternate",
              "type": "text/html",
              "href": "https://itunes.apple.com/us/movie/hail-caesar!/id1076005986?uo=2"
            }
          },
          {
            "im:duration": {
              "label": "146190.0"
            },
            "attributes": {
              "title": "Preview",
              "rel": "enclosure",
              "type": "video/x-m4v",
              "href": "http://a511.phobos.apple.com/us/r1000/151/Video49/v4/2d/3e/ea/2d3eea41-766e-ae93-d3cf-d70d844f5011/mzvf_7936315719433321813.640x452.h264lc.D2.p.m4v",
              "im:assetType": "preview"
            }
          }
        ],
        "id": {
          "label": "https://itunes.apple.com/us/movie/hail-caesar!/id1076005986?uo=2",
          "attributes": {
            "im:id": "1076005986"
          }
        },
        "im:artist": {
          "label": "Joel Coen & Ethan Coen"
        },
        "category": {
          "attributes": {
            "im:id": "4404",
            "term": "Comedy",
            "scheme": "https://itunes.apple.com/us/genre/movies-comedy/id4404?uo=2",
            "label": "Comedy"
          }
        },
        "im:releaseDate": {
          "label": "2016-02-05T00:00:00-07:00",
          "attributes": {
            "label": "February 5, 2016"
          }
        }
      },
      {
        "im:name": {
          "label": "How to Be Single"
        },
        "rights": {
          "label": "© 2016 Warner Bros. Entertainment Inc. and Metro-Goldwyn-Mayer Pictures Inc. and RatPac-Dune Entertainment LLC. All Rights Reserved."
        },
        "im:image": [
          {
            "label": "http://is4.mzstatic.com/image/thumb/Video69/v4/85/83/b2/8583b282-f782-0e0d-dad9-4c658db153c3/pr_source.lsr/60x60bb-85.jpg",
            "attributes": {
              "height": "60"
            }
          },
          {
            "label": "http://is4.mzstatic.com/image/thumb/Video69/v4/85/83/b2/8583b282-f782-0e0d-dad9-4c658db153c3/pr_source.lsr/60x60bb-85.jpg",
            "attributes": {
              "height": "60"
            }
          },
          {
            "label": "http://is3.mzstatic.com/image/thumb/Video69/v4/85/83/b2/8583b282-f782-0e0d-dad9-4c658db153c3/pr_source.lsr/170x170bb-85.jpg",
            "attributes": {
              "height": "170"
            }
          }
        ],
        "summary": {
          "label": "There's a right way to be single, a wrong way to be single, and then…there's Alice. And Robin. Lucy. Meg. Tom. David. New York City is full of lonely hearts seeking the right match, be it a love connection, a hook-up, or something in the middle. And somewhere between the teasing texts and one-night stands, what these unmarrieds all have in common is the need to learn How to Be Single in a world filled with ever-evolving definitions of love. Sleeping around in the city that never sleeps was never so much fun."
        },
        "im:rentalPrice": {
          "label": "$4.99",
          "attributes": {
            "amount": "4.99000",
            "currency": "USD"
          }
        },
        "im:price": {
          "label": "$14.99",
          "attributes": {
            "amount": "14.99000",
            "currency": "USD"
          }
        },
        "im:contentType": {
          "attributes": {
            "term": "Movie",
            "label": "Movie"
          }
        },
        "title": {
          "label": "How to Be Single - Christian Ditter"
        },
        "link": [
          {
            "attributes": {
              "rel": "alternate",
              "type": "text/html",
              "href": "https://itunes.apple.com/us/movie/how-to-be-single/id1082582175?uo=2"
            }
          },
          {
            "im:duration": {
              "label": "141315.0"
            },
            "attributes": {
              "title": "Preview",
              "rel": "enclosure",
              "type": "video/x-m4v",
              "href": "http://a1665.phobos.apple.com/us/r1000/153/Video69/v4/bc/54/00/bc54005b-9f79-6d12-33d3-c58c84712543/mzvf_3470491209731106508.640x354.h264lc.D2.p.m4v",
              "im:assetType": "preview"
            }
          }
        ],
        "id": {
          "label": "https://itunes.apple.com/us/movie/how-to-be-single/id1082582175?uo=2",
          "attributes": {
            "im:id": "1082582175"
          }
        },
        "im:artist": {
          "label": "Christian Ditter"
        },
        "category": {
          "attributes": {
            "im:id": "4404",
            "term": "Comedy",
            "scheme": "https://itunes.apple.com/us/genre/movies-comedy/id4404?uo=2",
            "label": "Comedy"
          }
        },
        "im:releaseDate": {
          "label": "2016-02-19T00:00:00-07:00",
          "attributes": {
            "label": "February 19, 2016"
          }
        }
      },
      {
        "im:name": {
          "label": "Now You See Me"
        },
        "rights": {
          "label": "© 2013 Summit Entertainment, LLC.  All Rights Reserved."
        },
        "im:image": [
          {
            "label": "http://is3.mzstatic.com/image/thumb/Video18/v4/e3/fa/3d/e3fa3d47-d01c-b21f-4f69-cbb5eff7be83/pr_source.lsr/60x60bb-85.jpg",
            "attributes": {
              "height": "60"
            }
          },
          {
            "label": "http://is3.mzstatic.com/image/thumb/Video18/v4/e3/fa/3d/e3fa3d47-d01c-b21f-4f69-cbb5eff7be83/pr_source.lsr/60x60bb-85.jpg",
            "attributes": {
              "height": "60"
            }
          },
          {
            "label": "http://is4.mzstatic.com/image/thumb/Video18/v4/e3/fa/3d/e3fa3d47-d01c-b21f-4f69-cbb5eff7be83/pr_source.lsr/170x170bb-85.jpg",
            "attributes": {
              "height": "170"
            }
          }
        ],
        "summary": {
          "label": "Mark Ruffalo, Woody Harrelson, Dave Franco, Morgan Freeman, and Jesse Eisenberg give astonishing performances in this visually stunning thriller from the director of CLASH OF THE TITANS. As individual performers, these magicians are amazing. But once they join forces, they begin captivating an international audience with a series of bold, original heists—all the while pursuing a secret agenda that has the FBI and Interpol scrambling to anticipate what their next spectacular crime will be."
        },
        "im:rentalPrice": {
          "label": "$2.99",
          "attributes": {
            "amount": "2.99000",
            "currency": "USD"
          }
        },
        "im:price": {
          "label": "$12.99",
          "attributes": {
            "amount": "12.99000",
            "currency": "USD"
          }
        },
        "im:contentType": {
          "attributes": {
            "term": "Movie",
            "label": "Movie"
          }
        },
        "title": {
          "label": "Now You See Me - Louis Leterrier"
        },
        "link": [
          {
            "attributes": {
              "rel": "alternate",
              "type": "text/html",
              "href": "https://itunes.apple.com/us/movie/now-you-see-me/id664964215?uo=2"
            }
          },
          {
            "im:duration": {
              "label": "93093.0"
            },
            "attributes": {
              "title": "Preview",
              "rel": "enclosure",
              "type": "video/x-m4v",
              "href": "http://a1021.phobos.apple.com/us/r1000/033/Video6/v4/82/8d/ba/828dba42-e799-542f-bde7-9da2fa125cc5/mzvf_8244246855125236296.640x352.h264lc.D2.p.m4v",
              "im:assetType": "preview"
            }
          }
        ],
        "id": {
          "label": "https://itunes.apple.com/us/movie/now-you-see-me/id664964215?uo=2",
          "attributes": {
            "im:id": "664964215"
          }
        },
        "im:artist": {
          "label": "Louis Leterrier"
        },
        "category": {
          "attributes": {
            "im:id": "4401",
            "term": "Action & Adventure",
            "scheme": "https://itunes.apple.com/us/genre/movies-action-adventure/id4401?uo=2",
            "label": "Action & Adventure"
          }
        },
        "im:releaseDate": {
          "label": "2013-05-31T00:00:00-07:00",
          "attributes": {
            "label": "May 31, 2013"
          }
        }
      },
      {
        "im:name": {
          "label": "Daddy's Home"
        },
        "rights": {
          "label": "© MMXV Paramount Pictures Corporation and Red Granite Capital US, LLC All Rights Reserved."
        },
        "im:image": [
          {
            "label": "http://is1.mzstatic.com/image/thumb/Video4/v4/ef/ff/57/efff5794-af78-c36a-ee49-b6500b425bb5/pr_source.lsr/60x60bb-85.jpg",
            "attributes": {
              "height": "60"
            }
          },
          {
            "label": "http://is1.mzstatic.com/image/thumb/Video4/v4/ef/ff/57/efff5794-af78-c36a-ee49-b6500b425bb5/pr_source.lsr/60x60bb-85.jpg",
            "attributes": {
              "height": "60"
            }
          },
          {
            "label": "http://is4.mzstatic.com/image/thumb/Video4/v4/ef/ff/57/efff5794-af78-c36a-ee49-b6500b425bb5/pr_source.lsr/170x170bb-85.jpg",
            "attributes": {
              "height": "170"
            }
          }
        ],
        "summary": {
          "label": "Will Ferrell and Mark Wahlberg face off in the ultimate Dad vs. Step-Dad showdown! Brad (Ferrell), who always dreamed of having the perfect family, is determined to become the best step-dad to his new wife's (Linda Cardellini) children. But when their biological father Dusty (Wahlberg) shows up unexpectedly, Brad’s idyllic family life is turned upside down and he must go toe-to-toe with Dusty in this hilarious family comedy."
        },
        "im:rentalPrice": {
          "label": "$3.99",
          "attributes": {
            "amount": "3.99000",
            "currency": "USD"
          }
        },
        "im:price": {
          "label": "$9.99",
          "attributes": {
            "amount": "9.99000",
            "currency": "USD"
          }
        },
        "im:contentType": {
          "attributes": {
            "term": "Movie",
            "label": "Movie"
          }
        },
        "title": {
          "label": "Daddy's Home - Sean Anders"
        },
        "link": [
          {
            "attributes": {
              "rel": "alternate",
              "type": "text/html",
              "href": "https://itunes.apple.com/us/movie/daddys-home/id1063386075?uo=2"
            }
          },
          {
            "im:duration": {
              "label": "92018.0"
            },
            "attributes": {
              "title": "Preview",
              "rel": "enclosure",
              "type": "video/x-m4v",
              "href": "http://a1052.phobos.apple.com/us/r1000/129/Video2/v4/ee/91/08/ee9108b2-3f34-36e9-8342-0cf107340337/mzvf_1956819202957522108.640x478.h264lc.D2.p.m4v",
              "im:assetType": "preview"
            }
          }
        ],
        "id": {
          "label": "https://itunes.apple.com/us/movie/daddys-home/id1063386075?uo=2",
          "attributes": {
            "im:id": "1063386075"
          }
        },
        "im:artist": {
          "label": "Sean Anders"
        },
        "category": {
          "attributes": {
            "im:id": "4404",
            "term": "Comedy",
            "scheme": "https://itunes.apple.com/us/genre/movies-comedy/id4404?uo=2",
            "label": "Comedy"
          }
        },
        "im:releaseDate": {
          "label": "2015-12-25T00:00:00-07:00",
          "attributes": {
            "label": "December 25, 2015"
          }
        }
      },
      {
        "im:name": {
          "label": "Finding Nemo"
        },
        "rights": {
          "label": "© 2003 Disney/Pixar"
        },
        "im:image": [
          {
            "label": "http://is2.mzstatic.com/image/thumb/Video18/v4/31/c5/98/31c59865-d83f-3861-3bc3-c11adb48eea8/pr_source.lsr/60x60bb-85.jpg",
            "attributes": {
              "height": "60"
            }
          },
          {
            "label": "http://is2.mzstatic.com/image/thumb/Video18/v4/31/c5/98/31c59865-d83f-3861-3bc3-c11adb48eea8/pr_source.lsr/60x60bb-85.jpg",
            "attributes": {
              "height": "60"
            }
          },
          {
            "label": "http://is1.mzstatic.com/image/thumb/Video18/v4/31/c5/98/31c59865-d83f-3861-3bc3-c11adb48eea8/pr_source.lsr/170x170bb-85.jpg",
            "attributes": {
              "height": "170"
            }
          }
        ],
        "summary": {
          "label": "From the Academy Award®-winning creators of TOY STORY and MONSTERS, INC. (2001, Best Animated Short Film, FOR THE BIRDS), it's FINDING NEMO, a hilarious adventure where you'll meet colorful characters that take you into the breathtaking underwater world of Australia's Great Barrier Reef. Nemo, an adventurous young clownfish, is unexpectedly taken to a dentist's office aquarium. It's up to Marlin (Albert Brooks), his worrisome father, and Dory (Ellen DeGeneres), a friendly but forgetful regal blue tang fish, to make the epic journey to bring Nemo home. Their adventure brings them face-to-face with vegetarian sharks, surfer dude turtles, hypnotic jellyfish, hungry seagulls, and more. Marlin discovers a bravery he never knew, but will he be able to find his son?"
        },
        "im:rentalPrice": {
          "label": "$2.99",
          "attributes": {
            "amount": "2.99000",
            "currency": "USD"
          }
        },
        "im:price": {
          "label": "$19.99",
          "attributes": {
            "amount": "19.99000",
            "currency": "USD"
          }
        },
        "im:contentType": {
          "attributes": {
            "term": "Movie",
            "label": "Movie"
          }
        },
        "title": {
          "label": "Finding Nemo - Andrew Stanton"
        },
        "link": [
          {
            "attributes": {
              "rel": "alternate",
              "type": "text/html",
              "href": "https://itunes.apple.com/us/movie/finding-nemo/id255295077?uo=2"
            }
          },
          {
            "im:duration": {
              "label": "52010.0"
            },
            "attributes": {
              "title": "Preview",
              "rel": "enclosure",
              "type": "video/x-m4v",
              "href": "http://a1088.phobos.apple.com/us/r1000/123/Video/v4/54/cc/e4/54cce4f7-a1f7-7a59-76f9-db58e85e63e2/mzvf_1066190369486594277.640x478.h264lc.D2.p.m4v",
              "im:assetType": "preview"
            }
          }
        ],
        "id": {
          "label": "https://itunes.apple.com/us/movie/finding-nemo/id255295077?uo=2",
          "attributes": {
            "im:id": "255295077"
          }
        },
        "im:artist": {
          "label": "Andrew Stanton"
        },
        "category": {
          "attributes": {
            "im:id": "4410",
            "term": "Kids & Family",
            "scheme": "https://itunes.apple.com/us/genre/movies-kids-family/id4410?uo=2",
            "label": "Kids & Family"
          }
        },
        "im:releaseDate": {
          "label": "2003-05-30T00:00:00-07:00",
          "attributes": {
            "label": "May 30, 2003"
          }
        }
      },
      {
        "im:name": {
          "label": "My Big Fat Greek Wedding 2"
        },
        "im:image": [
          {
            "label": "http://is2.mzstatic.com/image/thumb/Video6/v4/5e/99/e4/5e99e4d0-d369-85b7-969c-ab39d115f9a9/pr_source.lsr/60x60bb-85.jpg",
            "attributes": {
              "height": "60"
            }
          },
          {
            "label": "http://is2.mzstatic.com/image/thumb/Video6/v4/5e/99/e4/5e99e4d0-d369-85b7-969c-ab39d115f9a9/pr_source.lsr/60x60bb-85.jpg",
            "attributes": {
              "height": "60"
            }
          },
          {
            "label": "http://is3.mzstatic.com/image/thumb/Video6/v4/5e/99/e4/5e99e4d0-d369-85b7-969c-ab39d115f9a9/pr_source.lsr/170x170bb-85.jpg",
            "attributes": {
              "height": "170"
            }
          }
        ],
        "summary": {
          "label": "The family you love is back in the sequel to the biggest romantic comedy of all time!  Starring and written by Academy Award nominee Nia Vardalos, My Big Fat Greek Wedding 2 brings the entire beloved family of characters back together.  In the years since we first fell for Toula (Vardalos) and Ian (John Corbett), they have raised a headstrong daughter while trying to keep the spark alive.  But just as they think they’re balancing an independent teen, aging parents and the rest of the irrepressible clan, the reveal of a shocking secret will bring the three generations of this family closer than ever as they plan a bigger, fatter and Greeker wedding!"
        },
        "im:price": {
          "label": "$14.99",
          "attributes": {
            "amount": "14.99000",
            "currency": "USD"
          }
        },
        "im:contentType": {
          "attributes": {
            "term": "Movie",
            "label": "Movie"
          }
        },
        "rights": {
          "label": "© 2016 Universal Studios. All Rights Reserved."
        },
        "title": {
          "label": "My Big Fat Greek Wedding 2 - Kirk Jones"
        },
        "link": [
          {
            "attributes": {
              "rel": "alternate",
              "type": "text/html",
              "href": "https://itunes.apple.com/us/movie/my-big-fat-greek-wedding-2/id1079272553?uo=2"
            }
          },
          {
            "im:duration": {
              "label": "137228.0"
            },
            "attributes": {
              "title": "Preview",
              "rel": "enclosure",
              "type": "video/x-m4v",
              "href": "http://a1150.phobos.apple.com/us/r1000/137/Video49/v4/54/7d/69/547d6966-0b79-b346-7ae7-d3f77f3f0dc4/mzvf_8514430633884772470.640x354.h264lc.D2.p.m4v",
              "im:assetType": "preview"
            }
          }
        ],
        "id": {
          "label": "https://itunes.apple.com/us/movie/my-big-fat-greek-wedding-2/id1079272553?uo=2",
          "attributes": {
            "im:id": "1079272553"
          }
        },
        "im:artist": {
          "label": "Kirk Jones"
        },
        "category": {
          "attributes": {
            "im:id": "4404",
            "term": "Comedy",
            "scheme": "https://itunes.apple.com/us/genre/movies-comedy/id4404?uo=2",
            "label": "Comedy"
          }
        },
        "im:releaseDate": {
          "label": "2016-03-25T00:00:00-07:00",
          "attributes": {
            "label": "March 25, 2016"
          }
        }
      },
      {
        "im:name": {
          "label": "The Revenant"
        },
        "rights": {
          "label": "© 2015 Twentieth Century Fox Film Corporation. All rights reserved."
        },
        "im:image": [
          {
            "label": "http://is5.mzstatic.com/image/thumb/Video49/v4/91/25/65/912565f1-69c2-4ab7-86c0-771fb0f7db93/pr_source.lsr/60x60bb-85.jpg",
            "attributes": {
              "height": "60"
            }
          },
          {
            "label": "http://is5.mzstatic.com/image/thumb/Video49/v4/91/25/65/912565f1-69c2-4ab7-86c0-771fb0f7db93/pr_source.lsr/60x60bb-85.jpg",
            "attributes": {
              "height": "60"
            }
          },
          {
            "label": "http://is4.mzstatic.com/image/thumb/Video49/v4/91/25/65/912565f1-69c2-4ab7-86c0-771fb0f7db93/pr_source.lsr/170x170bb-85.jpg",
            "attributes": {
              "height": "170"
            }
          }
        ],
        "summary": {
          "label": "Leonardo DiCaprio stars in this visceral, epic adventure inspired by true events from writer-director Alejandro G. Iñárritu. While on a hunting expedition in the uncharted American wilderness, Hugh Glass (DiCaprio) is attacked by a bear and left for dead. Despite unimaginable grief and betrayal by his confidant (Tom Hardy), Glass must navigate a vicious winter in a relentless pursuit to live."
        },
        "im:rentalPrice": {
          "label": "$4.99",
          "attributes": {
            "amount": "4.99000",
            "currency": "USD"
          }
        },
        "im:price": {
          "label": "$14.99",
          "attributes": {
            "amount": "14.99000",
            "currency": "USD"
          }
        },
        "im:contentType": {
          "attributes": {
            "term": "Movie",
            "label": "Movie"
          }
        },
        "title": {
          "label": "The Revenant - Alejandro González Iñárritu"
        },
        "link": [
          {
            "attributes": {
              "rel": "alternate",
              "type": "text/html",
              "href": "https://itunes.apple.com/us/movie/the-revenant/id1067140154?uo=2"
            }
          },
          {
            "im:duration": {
              "label": "132305.0"
            },
            "attributes": {
              "title": "Preview",
              "rel": "enclosure",
              "type": "video/x-m4v",
              "href": "http://a891.phobos.apple.com/us/r1000/172/Video2/v4/19/ca/40/19ca40e7-4cc2-536a-de34-bc57a57306e8/mzvf_4876320575819851160.640x356.h264lc.D2.p.m4v",
              "im:assetType": "preview"
            }
          }
        ],
        "id": {
          "label": "https://itunes.apple.com/us/movie/the-revenant/id1067140154?uo=2",
          "attributes": {
            "im:id": "1067140154"
          }
        },
        "im:artist": {
          "label": "Alejandro González Iñárritu"
        },
        "category": {
          "attributes": {
            "im:id": "4406",
            "term": "Drama",
            "scheme": "https://itunes.apple.com/us/genre/movies-drama/id4406?uo=2",
            "label": "Drama"
          }
        },
        "im:releaseDate": {
          "label": "2015-12-25T00:00:00-07:00",
          "attributes": {
            "label": "December 25, 2015"
          }
        }
      },
      {
        "im:name": {
          "label": "The Clan"
        },
        "rights": {
          "label": "© 2015 Capital Intelectual S.A., Matanza Cine, El Deseo, SA and Telefonica Studios S.L. All rights reserved."
        },
        "im:image": [
          {
            "label": "http://is2.mzstatic.com/image/thumb/Video/v4/fc/b6/9f/fcb69fc4-623a-47d1-f5de-b4d691059a59/posterart_US.lsr/60x60bb-85.jpg",
            "attributes": {
              "height": "60"
            }
          },
          {
            "label": "http://is2.mzstatic.com/image/thumb/Video/v4/fc/b6/9f/fcb69fc4-623a-47d1-f5de-b4d691059a59/posterart_US.lsr/60x60bb-85.jpg",
            "attributes": {
              "height": "60"
            }
          },
          {
            "label": "http://is5.mzstatic.com/image/thumb/Video/v4/fc/b6/9f/fcb69fc4-623a-47d1-f5de-b4d691059a59/posterart_US.lsr/170x170bb-85.jpg",
            "attributes": {
              "height": "170"
            }
          }
        ],
        "summary": {
          "label": "An “Audaciously Entertaining” thriller based on the true story of Argentina’s notorious Puccio clan whose family business included kidnapping, ransom and murder."
        },
        "im:rentalPrice": {
          "label": "$4.99",
          "attributes": {
            "amount": "4.99000",
            "currency": "USD"
          }
        },
        "im:price": {
          "label": "$14.99",
          "attributes": {
            "amount": "14.99000",
            "currency": "USD"
          }
        },
        "im:contentType": {
          "attributes": {
            "term": "Movie",
            "label": "Movie"
          }
        },
        "title": {
          "label": "The Clan - Pablo Trapero"
        },
        "link": [
          {
            "attributes": {
              "rel": "alternate",
              "type": "text/html",
              "href": "https://itunes.apple.com/us/movie/the-clan/id1074123921?uo=2"
            }
          },
          {
            "im:duration": {
              "label": "130425.0"
            },
            "attributes": {
              "title": "Preview",
              "rel": "enclosure",
              "type": "video/x-m4v",
              "href": "http://a497.phobos.apple.com/us/r1000/166/Video69/v4/8f/ec/02/8fec023b-f050-4261-8805-fb16eb3fa916/mzvf_2716580491446793092.640x356.h264lc.D2.p.m4v",
              "im:assetType": "preview"
            }
          }
        ],
        "id": {
          "label": "https://itunes.apple.com/us/movie/the-clan/id1074123921?uo=2",
          "attributes": {
            "im:id": "1074123921"
          }
        },
        "im:artist": {
          "label": "Pablo Trapero"
        },
        "category": {
          "attributes": {
            "im:id": "4406",
            "term": "Drama",
            "scheme": "https://itunes.apple.com/us/genre/movies-drama/id4406?uo=2",
            "label": "Drama"
          }
        },
        "im:releaseDate": {
          "label": "2016-02-19T00:00:00-07:00",
          "attributes": {
            "label": "February 19, 2016"
          }
        }
      },
      {
        "im:name": {
          "label": "Tumbledown"
        },
        "rights": {
          "label": "© 2015 TUMBLEDOWN, LLC ALL RIGHTS RESERVED."
        },
        "im:image": [
          {
            "label": "http://is3.mzstatic.com/image/thumb/Video69/v4/f7/be/45/f7be4586-5747-40ce-b1ae-70abeb102434/pr_source.lsr/60x60bb-85.jpg",
            "attributes": {
              "height": "60"
            }
          },
          {
            "label": "http://is3.mzstatic.com/image/thumb/Video69/v4/f7/be/45/f7be4586-5747-40ce-b1ae-70abeb102434/pr_source.lsr/60x60bb-85.jpg",
            "attributes": {
              "height": "60"
            }
          },
          {
            "label": "http://is1.mzstatic.com/image/thumb/Video69/v4/f7/be/45/f7be4586-5747-40ce-b1ae-70abeb102434/pr_source.lsr/170x170bb-85.jpg",
            "attributes": {
              "height": "170"
            }
          }
        ],
        "summary": {
          "label": "Pop culture scholar Andrew (Jason Sudeikis) comes to Maine to interview Hannah (Rebecca Hall), the protective widow of an acclaimed singer. When the unlikely pair strike a deal to co-write a biography, Andrew finds himself clashing with a cast of locals, including Hannah’s hunky suitor (Joe Manganiello), and her loving but defensive parents (Blythe Danner, Richard Masur). When Hannah and Andrew's stormy partnership blossoms into an unexpected connection, they face the possibility that the next chapter in their lives may involve each other. Dianna Aragon and Griffin Dunne costar in this startlingly funny and sweetly romantic tale of moving on and finding love in the unlikeliest of places."
        },
        "im:rentalPrice": {
          "label": "$3.99",
          "attributes": {
            "amount": "3.99000",
            "currency": "USD"
          }
        },
        "im:price": {
          "label": "$12.99",
          "attributes": {
            "amount": "12.99000",
            "currency": "USD"
          }
        },
        "im:contentType": {
          "attributes": {
            "term": "Movie",
            "label": "Movie"
          }
        },
        "title": {
          "label": "Tumbledown - Sean Mewshaw"
        },
        "link": [
          {
            "attributes": {
              "rel": "alternate",
              "type": "text/html",
              "href": "https://itunes.apple.com/us/movie/tumbledown/id1073850797?uo=2"
            }
          },
          {
            "im:duration": {
              "label": "136067.0"
            },
            "attributes": {
              "title": "Preview",
              "rel": "enclosure",
              "type": "video/x-m4v",
              "href": "http://a1247.phobos.apple.com/us/r1000/142/Video/v4/17/cb/8c/17cb8c67-f6c3-ba2e-58ad-fa29d7ce32b2/mzvf_3773058906040208948.640x354.h264lc.D2.p.m4v",
              "im:assetType": "preview"
            }
          }
        ],
        "id": {
          "label": "https://itunes.apple.com/us/movie/tumbledown/id1073850797?uo=2",
          "attributes": {
            "im:id": "1073850797"
          }
        },
        "im:artist": {
          "label": "Sean Mewshaw"
        },
        "category": {
          "attributes": {
            "im:id": "4404",
            "term": "Comedy",
            "scheme": "https://itunes.apple.com/us/genre/movies-comedy/id4404?uo=2",
            "label": "Comedy"
          }
        },
        "im:releaseDate": {
          "label": "2016-02-12T00:00:00-07:00",
          "attributes": {
            "label": "February 12, 2016"
          }
        }
      },
      {
        "im:name": {
          "label": "Triple 9"
        },
        "rights": {
          "label": "© 2015 Open Road Films. All Rights Reserved."
        },
        "im:image": [
          {
            "label": "http://is2.mzstatic.com/image/thumb/Video60/v4/33/70/9d/33709dcd-3285-9daa-7beb-cc189a78200f/pr_source.lsr/60x60bb-85.jpg",
            "attributes": {
              "height": "60"
            }
          },
          {
            "label": "http://is2.mzstatic.com/image/thumb/Video60/v4/33/70/9d/33709dcd-3285-9daa-7beb-cc189a78200f/pr_source.lsr/60x60bb-85.jpg",
            "attributes": {
              "height": "60"
            }
          },
          {
            "label": "http://is5.mzstatic.com/image/thumb/Video60/v4/33/70/9d/33709dcd-3285-9daa-7beb-cc189a78200f/pr_source.lsr/170x170bb-85.jpg",
            "attributes": {
              "height": "170"
            }
          }
        ],
        "summary": {
          "label": "Woody Harrelson, Kate Winslet, Chiwetel Ejiofor and Casey Affleck lead an all-star cast in an explosive action-packed thriller critics call “a twisty, terrific ride” (Peter Travers, Rolling Stone). Inside the Atlanta police department, corruption is rampant and members of a gang task force are secretly committing heists for a Russian mob boss (Winslet). When the crooked cops are strong-armed into performing an impossible heist, they look to rookie cop, Chris (Affleck), as bait to create a deadly distraction needed to pull off the job."
        },
        "im:rentalPrice": {
          "label": "$4.99",
          "attributes": {
            "amount": "4.99000",
            "currency": "USD"
          }
        },
        "im:price": {
          "label": "$14.99",
          "attributes": {
            "amount": "14.99000",
            "currency": "USD"
          }
        },
        "im:contentType": {
          "attributes": {
            "term": "Movie",
            "label": "Movie"
          }
        },
        "title": {
          "label": "Triple 9 - John Hillcoat"
        },
        "link": [
          {
            "attributes": {
              "rel": "alternate",
              "type": "text/html",
              "href": "https://itunes.apple.com/us/movie/triple-9/id1090463336?uo=2"
            }
          },
          {
            "im:duration": {
              "label": "146910.0"
            },
            "attributes": {
              "title": "Preview",
              "rel": "enclosure",
              "type": "video/x-m4v",
              "href": "http://a762.phobos.apple.com/us/r1000/174/Video69/v4/30/c3/6f/30c36f8e-8348-3493-5d1f-3cc18a7e202c/mzvf_8452442905635631104.640x354.h264lc.D2.p.m4v",
              "im:assetType": "preview"
            }
          }
        ],
        "id": {
          "label": "https://itunes.apple.com/us/movie/triple-9/id1090463336?uo=2",
          "attributes": {
            "im:id": "1090463336"
          }
        },
        "im:artist": {
          "label": "John Hillcoat"
        },
        "category": {
          "attributes": {
            "im:id": "4401",
            "term": "Action & Adventure",
            "scheme": "https://itunes.apple.com/us/genre/movies-action-adventure/id4401?uo=2",
            "label": "Action & Adventure"
          }
        },
        "im:releaseDate": {
          "label": "2016-02-26T00:00:00-07:00",
          "attributes": {
            "label": "February 26, 2016"
          }
        }
      },
      {
        "im:name": {
          "label": "Star Wars: The Force Awakens"
        },
        "rights": {
          "label": "© 2015 Lucasfilm. All Rights Reserved"
        },
        "im:image": [
          {
            "label": "http://is5.mzstatic.com/image/thumb/Video69/v4/e4/3d/a1/e43da14b-0354-62fb-304c-ad53f8ba9fa6/pr_source.lsr/60x60bb-85.jpg",
            "attributes": {
              "height": "60"
            }
          },
          {
            "label": "http://is5.mzstatic.com/image/thumb/Video69/v4/e4/3d/a1/e43da14b-0354-62fb-304c-ad53f8ba9fa6/pr_source.lsr/60x60bb-85.jpg",
            "attributes": {
              "height": "60"
            }
          },
          {
            "label": "http://is3.mzstatic.com/image/thumb/Video69/v4/e4/3d/a1/e43da14b-0354-62fb-304c-ad53f8ba9fa6/pr_source.lsr/170x170bb-85.jpg",
            "attributes": {
              "height": "170"
            }
          }
        ],
        "summary": {
          "label": "Visionary director J.J. Abrams brings to life the motion picture event of a generation. As Kylo Ren and the sinister First Order rise from the ashes of the Empire, Luke Skywalker is missing when the galaxy needs him most. It's up to Rey, a desert scavenger, and Finn, a defecting stormtrooper, to join forces with Han Solo and Chewbacca in a desperate search for the one hope of restoring peace to the galaxy."
        },
        "im:rentalPrice": {
          "label": "$4.99",
          "attributes": {
            "amount": "4.99000",
            "currency": "USD"
          }
        },
        "im:price": {
          "label": "$19.99",
          "attributes": {
            "amount": "19.99000",
            "currency": "USD"
          }
        },
        "im:contentType": {
          "attributes": {
            "term": "Movie",
            "label": "Movie"
          }
        },
        "title": {
          "label": "Star Wars: The Force Awakens - J.J. Abrams"
        },
        "link": [
          {
            "attributes": {
              "rel": "alternate",
              "type": "text/html",
              "href": "https://itunes.apple.com/us/movie/star-wars-the-force-awakens/id1063466898?uo=2"
            }
          },
          {
            "im:duration": {
              "label": "132513.0"
            },
            "attributes": {
              "title": "Preview",
              "rel": "enclosure",
              "type": "video/x-m4v",
              "href": "http://a326.phobos.apple.com/us/r1000/127/Video69/v4/ac/8d/36/ac8d365a-c356-0c99-f08a-ede1857e14c0/mzvf_4347646768163453906.640x354.h264lc.D2.p.m4v",
              "im:assetType": "preview"
            }
          }
        ],
        "id": {
          "label": "https://itunes.apple.com/us/movie/star-wars-the-force-awakens/id1063466898?uo=2",
          "attributes": {
            "im:id": "1063466898"
          }
        },
        "im:artist": {
          "label": "J.J. Abrams"
        },
        "category": {
          "attributes": {
            "im:id": "4401",
            "term": "Action & Adventure",
            "scheme": "https://itunes.apple.com/us/genre/movies-action-adventure/id4401?uo=2",
            "label": "Action & Adventure"
          }
        },
        "im:releaseDate": {
          "label": "2015-12-18T00:00:00-07:00",
          "attributes": {
            "label": "December 18, 2015"
          }
        }
      },
      {
        "im:name": {
          "label": "The Conjuring"
        },
        "rights": {
          "label": "© 2013 Warner Bros. Entertainment Inc. All Rights Reserved."
        },
        "im:image": [
          {
            "label": "http://is3.mzstatic.com/image/thumb/Video4/v4/66/fc/a0/66fca0c3-cad5-7dd7-754b-cfd37a2ec594/pr_source.lsr/60x60bb-85.jpg",
            "attributes": {
              "height": "60"
            }
          },
          {
            "label": "http://is3.mzstatic.com/image/thumb/Video4/v4/66/fc/a0/66fca0c3-cad5-7dd7-754b-cfd37a2ec594/pr_source.lsr/60x60bb-85.jpg",
            "attributes": {
              "height": "60"
            }
          },
          {
            "label": "http://is3.mzstatic.com/image/thumb/Video4/v4/66/fc/a0/66fca0c3-cad5-7dd7-754b-cfd37a2ec594/pr_source.lsr/170x170bb-85.jpg",
            "attributes": {
              "height": "170"
            }
          }
        ],
        "summary": {
          "label": "Before there was Amityville, there was Harrisville. The Conjuring tells the horrifying true story of Ed and Lorraine Warren, world renowned paranormal investigators, who were called to help a family terrorized by a dark presence in a secluded farmhouse. Forced to confront a powerful demonic entity, the Warrens find themselves caught in the most terrifying case of their lives. Oscar nominee Vera Farmiga (The Departed) and Golden Globe nominee Patrick Wilson (Insidious) play the investigators while Golden Globe nominee Ron Livingston (Band of Brothers) and Emmy nominee Lili Taylor (Six Feet Under) play the Perron family plagued by sinister spirits in this dark chiller from the writers of The Reaping and the creator of the Saw films."
        },
        "im:rentalPrice": {
          "label": "$2.99",
          "attributes": {
            "amount": "2.99000",
            "currency": "USD"
          }
        },
        "im:price": {
          "label": "$14.99",
          "attributes": {
            "amount": "14.99000",
            "currency": "USD"
          }
        },
        "im:contentType": {
          "attributes": {
            "term": "Movie",
            "label": "Movie"
          }
        },
        "title": {
          "label": "The Conjuring - James Wan"
        },
        "link": [
          {
            "attributes": {
              "rel": "alternate",
              "type": "text/html",
              "href": "https://itunes.apple.com/us/movie/the-conjuring/id687851264?uo=2"
            }
          },
          {
            "im:duration": {
              "label": "146271.0"
            },
            "attributes": {
              "title": "Preview",
              "rel": "enclosure",
              "type": "video/x-m4v",
              "href": "http://a1922.phobos.apple.com/us/r1000/058/Video/v4/b0/c4/85/b0c4853f-cd4e-2e5e-bcb6-7c73ded8b9f0/mzvf_4549443532103196045.640x354.h264lc.D2.p.m4v",
              "im:assetType": "preview"
            }
          }
        ],
        "id": {
          "label": "https://itunes.apple.com/us/movie/the-conjuring/id687851264?uo=2",
          "attributes": {
            "im:id": "687851264"
          }
        },
        "im:artist": {
          "label": "James Wan"
        },
        "category": {
          "attributes": {
            "im:id": "4408",
            "term": "Horror",
            "scheme": "https://itunes.apple.com/us/genre/movies-horror/id4408?uo=2",
            "label": "Horror"
          }
        },
        "im:releaseDate": {
          "label": "2013-07-19T00:00:00-07:00",
          "attributes": {
            "label": "July 19, 2013"
          }
        }
      },
      {
        "im:name": {
          "label": "Kung Fu Panda 3"
        },
        "im:image": [
          {
            "label": "http://is4.mzstatic.com/image/thumb/Video4/v4/ec/12/79/ec12795d-d78a-125d-220b-9d27de1d5e0c/pr_source.lsr/60x60bb-85.jpg",
            "attributes": {
              "height": "60"
            }
          },
          {
            "label": "http://is4.mzstatic.com/image/thumb/Video4/v4/ec/12/79/ec12795d-d78a-125d-220b-9d27de1d5e0c/pr_source.lsr/60x60bb-85.jpg",
            "attributes": {
              "height": "60"
            }
          },
          {
            "label": "http://is3.mzstatic.com/image/thumb/Video4/v4/ec/12/79/ec12795d-d78a-125d-220b-9d27de1d5e0c/pr_source.lsr/170x170bb-85.jpg",
            "attributes": {
              "height": "170"
            }
          }
        ],
        "summary": {
          "label": "When Po’s long-lost panda father suddenly reappears, the reunited duo travels to a secret panda paradise to meet scores of hilarious new pandas. But when the supernatural villain Kai begins challenging all the kung fu masters across China, Po must do the impossible — learn to train a village full of his fun-loving, clumsy brethren to become the ultimate band of Kung Fu Pandas!"
        },
        "im:price": {
          "label": "$14.99",
          "attributes": {
            "amount": "14.99000",
            "currency": "USD"
          }
        },
        "im:contentType": {
          "attributes": {
            "term": "Movie",
            "label": "Movie"
          }
        },
        "rights": {
          "label": "© 2015 DreamWorks Animation, L.L.C. All rights reserved."
        },
        "title": {
          "label": "Kung Fu Panda 3 - Alessandro Carloni & Jennifer Yuh Nelson"
        },
        "link": [
          {
            "attributes": {
              "rel": "alternate",
              "type": "text/html",
              "href": "https://itunes.apple.com/us/movie/kung-fu-panda-3/id1071972907?uo=2"
            }
          },
          {
            "im:duration": {
              "label": "90138.0"
            },
            "attributes": {
              "title": "Preview",
              "rel": "enclosure",
              "type": "video/x-m4v",
              "href": "http://a970.phobos.apple.com/us/r1000/134/Video69/v4/5e/54/42/5e5442fe-5b1f-e6dc-f078-a725cdec133c/mzvf_8637328327051030613.640x360.h264lc.D2.p.m4v",
              "im:assetType": "preview"
            }
          }
        ],
        "id": {
          "label": "https://itunes.apple.com/us/movie/kung-fu-panda-3/id1071972907?uo=2",
          "attributes": {
            "im:id": "1071972907"
          }
        },
        "im:artist": {
          "label": "Alessandro Carloni & Jennifer Yuh Nelson"
        },
        "category": {
          "attributes": {
            "im:id": "4410",
            "term": "Kids & Family",
            "scheme": "https://itunes.apple.com/us/genre/movies-kids-family/id4410?uo=2",
            "label": "Kids & Family"
          }
        },
        "im:releaseDate": {
          "label": "2016-01-29T00:00:00-07:00",
          "attributes": {
            "label": "January 29, 2016"
          }
        }
      },
      {
        "im:name": {
          "label": "Be Somebody"
        },
        "rights": {
          "label": "© 2016 Paramount Pictures."
        },
        "im:image": [
          {
            "label": "http://is4.mzstatic.com/image/thumb/Video5/v4/2f/71/55/2f715536-fe12-2187-c46a-e84e021abdfe/pr_source.lsr/60x60bb-85.jpg",
            "attributes": {
              "height": "60"
            }
          },
          {
            "label": "http://is4.mzstatic.com/image/thumb/Video5/v4/2f/71/55/2f715536-fe12-2187-c46a-e84e021abdfe/pr_source.lsr/60x60bb-85.jpg",
            "attributes": {
              "height": "60"
            }
          },
          {
            "label": "http://is4.mzstatic.com/image/thumb/Video5/v4/2f/71/55/2f715536-fe12-2187-c46a-e84e021abdfe/pr_source.lsr/170x170bb-85.jpg",
            "attributes": {
              "height": "170"
            }
          }
        ],
        "summary": {
          "label": "Pop superstar Jordan Jaye (Matthew Espinosa) has a big dream — he just wants to live like a regular teenager. When he’s chased down by some excited female fans, he finds a perfect hideout and a reluctant new friend from a small town, high-school art student, Emily Lowe (Sarah Jeffery, Descendants). Despite being from different worlds, they soon discover they have way more in common than they ever imagined. Over the course of several days, the two embark on an unexpected  journey of friendship, first love and self-discovery -- proving that maybe opposites really do attract."
        },
        "im:rentalPrice": {
          "label": "$6.99",
          "attributes": {
            "amount": "6.99000",
            "currency": "USD"
          }
        },
        "im:price": {
          "label": "$9.99",
          "attributes": {
            "amount": "9.99000",
            "currency": "USD"
          }
        },
        "im:contentType": {
          "attributes": {
            "term": "Movie",
            "label": "Movie"
          }
        },
        "title": {
          "label": "Be Somebody - Joshua Caldwell"
        },
        "link": [
          {
            "attributes": {
              "rel": "alternate",
              "type": "text/html",
              "href": "https://itunes.apple.com/us/movie/be-somebody/id1108118019?uo=2"
            }
          },
          {
            "im:duration": {
              "label": "101028.0"
            },
            "attributes": {
              "title": "Preview",
              "rel": "enclosure",
              "type": "video/x-m4v",
              "href": "http://a347.phobos.apple.com/us/r1000/180/Video30/v4/58/5c/4a/585c4a48-e0de-df27-bd44-01310bfd7fc7/mzvf_1095580661314189182.640x356.h264lc.D2.p.m4v",
              "im:assetType": "preview"
            }
          }
        ],
        "id": {
          "label": "https://itunes.apple.com/us/movie/be-somebody/id1108118019?uo=2",
          "attributes": {
            "im:id": "1108118019"
          }
        },
        "im:artist": {
          "label": "Joshua Caldwell"
        },
        "category": {
          "attributes": {
            "im:id": "4404",
            "term": "Comedy",
            "scheme": "https://itunes.apple.com/us/genre/movies-comedy/id4404?uo=2",
            "label": "Comedy"
          }
        },
        "im:releaseDate": {
          "label": "2016-06-10T00:00:00-07:00",
          "attributes": {
            "label": "June 10, 2016"
          }
        }
      }
    ],
    "updated": {
      "label": "2016-06-15T21:20:37-07:00"
    },
    "rights": {
      "label": "Copyright 2008 Apple Inc."
    },
    "title": {
      "label": "iTunes Store: Top Movies"
    },
    "icon": {
      "label": "http://itunes.apple.com/favicon.ico"
    },
    "link": [
      {
        "attributes": {
          "rel": "alternate",
          "type": "text/html",
          "href": "https://itunes.apple.com/WebObjects/MZStore.woa/wa/viewTop?cc=us&id=1&popId=15"
        }
      },
      {
        "attributes": {
          "rel": "self",
          "href": "https://itunes.apple.com/us/rss/topmovies/limit=25/json"
        }
      }
    ],
    "id": {
      "label": "https://itunes.apple.com/us/rss/topmovies/limit=25/json"
    }
  }
}
